net_dx,net_dy,net_motion_magnitude,path_length,straightness,bounding_box_X,bounding_box_Y,xReversals,yReversals,maxSpeed,meanSpeed,label
-1.2360003,0.57491815,1.3631682,2.8830926,0.4728146,1.4488772,1.1461376,1.0,7.0,0.6829651,0.15174171,J
-1.3756022,0.5384296,1.477223,2.8238826,0.5231177,1.5882454,1.1111233,7.0,5.0,0.61599976,0.1344706,J
-0.7719322,0.8224884,1.1279923,2.4357407,0.4631003,0.96129423,1.2728789,6.0,7.0,0.855125,0.121787034,J
-1.5287989,0.29519117,1.557037,3.1684504,0.49141908,1.6672156,1.147161,5.0,8.0,0.76911837,0.15842251,J
-1.1264426,1.1775222,1.6295494,2.857056,0.57035965,1.4433563,1.3764435,5.0,5.0,0.64061785,0.15037136,J
0.037561454,1.2584414,1.2590019,1.5165305,0.83018565,0.2768527,1.2804891,9.0,6.0,0.645233,0.075826526,J
-0.9883874,1.1071023,1.484111,2.4849443,0.5972411,1.2543696,1.2214514,5.0,10.0,0.43636557,0.124247216,J
-1.4204729,1.0878388,1.7891719,2.7180102,0.65826535,1.6810899,1.1550106,4.0,9.0,0.3883241,0.123545915,J
-1.2539656,1.160975,1.7088864,3.0825877,0.5543675,1.6337097,1.4849485,4.0,5.0,0.5286856,0.1467899,J
-0.085804895,1.4377576,1.4403157,2.1464396,0.6710255,0.51615536,1.4512562,11.0,9.0,0.98600125,0.10732198,J
-0.89069587,1.1633042,1.4651334,4.491723,0.32618517,1.4609237,1.3886834,8.0,7.0,1.0701233,0.23640648,Z
-0.07459569,0.39119637,0.39824504,2.3478508,0.1696211,0.88329077,0.5897907,6.0,6.0,0.32379794,0.11739254,Z
-0.048644006,0.9046669,0.90597373,2.65628,0.3410686,0.93454224,0.9901018,8.0,6.0,0.49180785,0.12648952,Z
-0.4866817,1.2158592,1.309646,2.8323348,0.46239096,1.171571,1.2503113,6.0,5.0,0.37455297,0.13487308,Z
-0.41763002,1.154652,1.2278583,3.1117175,0.39459184,1.2867656,1.2064909,5.0,9.0,0.8175657,0.14817703,Z
-0.31810313,1.1497436,1.1929375,3.3444977,0.3566866,1.1329286,1.1780816,4.0,9.0,0.763951,0.1592618,Z
-0.1330632,0.9917026,1.0005898,2.894356,0.34570378,0.9751197,1.0262041,5.0,6.0,0.46723357,0.1447178,Z
-0.47368926,1.1842626,1.275484,5.1475344,0.24778542,1.8671792,1.2046196,8.0,8.0,1.2303528,0.27092287,Z
-0.059069574,0.56810397,0.5711667,4.264145,0.13394636,1.0243936,1.2694904,7.0,10.0,1.1939365,0.18539761,Z
-0.29056925,0.98069763,1.0228384,3.435214,0.29775098,1.0673028,1.297868,4.0,9.0,1.3560381,0.17176071,Z
-1.7384852,0.4717428,1.8013529,2.71724,0.6629347,1.7503191,0.7127041,5.0,4.0,0.6677845,0.12939239,NONE
0.16617882,1.4603443,1.469769,1.925205,0.76343507,0.61486846,1.4603443,1.0,0.0,0.41095203,0.10132658,NONE
-0.024825633,-0.73478395,0.7352032,1.1231592,0.65458506,0.25161546,0.74805844,5.0,7.0,0.38381264,0.05911364,NONE
-0.22507514,1.103969,1.1266793,1.2287275,0.9169481,0.2511958,1.1073743,10.0,2.0,0.27012625,0.058510832,NONE
0.50450647,-0.3951558,0.6408392,2.8004766,0.2288322,0.8095605,0.8316566,7.0,9.0,0.6500902,0.13335602,NONE
-0.019745052,1.227946,1.2281047,1.4681504,0.8364979,0.28931051,1.227946,3.0,6.0,0.16861258,0.073407516,NONE
0.49902242,-1.3076943,1.3996742,1.5871253,0.8818927,0.49902242,1.3076943,8.0,4.0,0.3229161,0.07214206,NONE
-0.38235548,1.2912657,1.3466859,1.5200061,0.88597405,0.38235548,1.2912657,6.0,4.0,0.37275368,0.0760003,NONE
0.18286735,-0.7364379,0.75880253,0.85276794,0.8898113,0.1950192,0.7564364,9.0,3.0,0.15836886,0.040607996,NONE
0.14766493,0.8413647,0.85422444,1.2930868,0.66060877,0.20511806,0.9785323,3.0,3.0,0.15294716,0.0680572,NONE
